,序号,区县,名   称,方向,相交道路,Unnamed: 5,Unnamed: 6,Unnamed: 7,Unnamed: 8,Unnamed: 9
0,1,东城,光明路光明中街南口东 ,东向西,光明路,光明中街,,,,
1,2,东城,光明路光明中街南口西 ,西向东,光明路,光明中街,,,,
2,3,东城,东直门立交桥西北,全方向,东直门内大街,,,,,
3,4,东城,东直门三角地,全方向,东直门内大街,,,,,
4,5,东城,东直门三角地,全方向,东直门内大街,,,,,
5,6,东城,东直门桥西南,全方向,东直门内大街,,,,,
6,7,东城,东直门内大街西口,全方向,东直门内大街,,,,,
7,8,东城,王府井国旅大楼门口,全方向,金鱼胡同,,,,,
8,9,东城,王府井希尔顿酒店南侧,全方向,校尉胡同,,,,,
9,10,东城,王府井消防队,全方向,东单三条,,,,,
10,11,东城,王府井小吃城前段,全方向,东安门大街,,,,,
11,12,东城,王府井教堂西北角,全方向,王府井大街,,,,,
12,13,东城,王府井吉祥大厦,全方向,王府井大街,,,,,
13,14,东城,校尉胡同口,全方向,校尉胡同,,,,,
14,15,东城,王府井和平饭店,全方向,金鱼胡同,,,,, 
15,16,东城,王府井步行街南口及大纱帽胡同东口,全方向,王府井大街,,,,,
16,17,东城,东单三条西口人行道,全方向,王府井大街,,,,,
17,18,东城,纱帽胡同东口,全方向,王府井大街,,,,,
18,19,东城,大纱帽胡同东口,全方向,王府井大街,,,,,
19,20,东城,王府井南口车站,全方向,王府井大街,,,,,
20,21,东城,王府井小吃清真摊,全方向,东安门大街,,,,,
21,22,东城,王府井工美大厦高点,全方向,王府井大街,,,,,
22,23,东城,王府井淘汇新天商场东便道,全方向,王府井大街,,,,,
23,24,东城,王府井淘汇新天商场南便道,全方向,王府井大街,,,,,
24,25,东城,王府井懋隆门前,全方向,王府井大街,,,,,
25,26,东城,晨光街10号门前,全方向,大甜水井胡同,,,,,
26,27,东城,东四四条西口,全方向,东四北大街,,,,,
27,28,东城,东四五条西口,全方向,东四北大街,,,,,
28,29,东城,张自忠路口西南角,全方向,东四北大街,,,,,
29,30,东城,东四北大街400号门前,全方向,东四北大街,,,,,
30,31,东城,北新桥十字路口,全方向,东四北大街,,,,,
31,32,东城,东四北大街过街桥北侧,全方向,东四北大街,,,,,
32,33,东城,丽晶酒店,全方向,东四南大街,,,,,
33,34,东城,灯市口东口,全方向,东四南大街,,,,,
34,35,东城,北京站前街,全方向,站前街,,,,,
35,36,东城,北京站过街桥北,全方向,北京站东街,,,,,
36,37,东城,东城毛家湾胡同口,全方向,北京站东街,,,,,
37,38,东城,安德利停车场入口,全方向,北京站东街,,,,,
38,39,东城,老钱局西口,全方向,北京站东街,,,,,
39,40,东城,大羊毛胡同北口,全方向,站东街,大羊毛胡同,,,,
40,41,东城,北京站信通大厦,全方向,北京站东街,,,,,
41,42,东城,站东938总站,全方向,北京站东街,,,,,
42,43,东城,新闻大厦东南,全方向,北京站东街,,,,,
43,44,东城,恒基中心,全方向,北京站东街,,,,,
44,45,东城,站西街世纪联华,全方向,北京站西街,,,,,
45,46,东城,大羊毛胡同口西北角,全方向,北京站东街,,,,,
46,47,东城,站西街南侧673公交车站,全方向,北京站西街,,,,,
47,48,东城,20路车站出口1,全方向,北京站东街,,,,,
48,49,东城,20路车站出口2,全方向,北京站东街,,,,,
49,50,东城,北京站103南侧终点站,全方向,北京站西街,,,,,
50,51,东城,站前街北口1,全方向,北京站前街,,,,,
51,52,东城,站前街中段,全方向,北京站前街,,,,,
52,53,西城,景山南门东侧,全方向,景山前街,,,,,
53,54,海淀,育新地铁站,北向南,黄平路,建材城西路,,,, 
54,55,海淀,黑泉路与宝盛南路交叉口北50米,南向北,黑泉路,宝盛南路,,,,
55,56,海淀,月泉路西口,西向东,月泉路,,,,,
56,57,海淀,成府路与荷清路交界口西北角路边,西向东,荷清路,成府路,,,,
57,58,海淀,中关村东路搜狐大厦东北角马路西侧,北向南,中关村东路,,,,,
58,59,海淀,后厂村路,东向西,上地西路,后厂村路,,,,
59,60,海淀,上地九街,东向西,开拓北路,上地九街,,,,
60,61,海淀,上地西路后厂村路口南,北向南,上地西路,后厂村路,,,,
61,62,海淀,后厂村路与友谊路交叉路口东50米处,西向东,友谊路,后厂村路,,,,
62,63,海淀,厢白旗桥北（体大西门口）,南向北,信息路,,,,,
63,64,海淀,学院桥西天桥,西向东,北四环中路辅路,,,,,
64,65,海淀,蓟门桥东天桥,东向西,北四环中路辅路,,,,,
65,66,海淀,蓟门桥北,北向南,西土城路辅路,,,,,
66,67,海淀,蓟门桥东天桥,西向东,北三环中路辅路,,,,,
67,68,海淀,北航附中南侧路,西向东,新村路,,,,,
68,69,海淀,316医院对面,全方向,香山路,,,,,
69,70,海淀,向阳新村岗亭,全方向,香山路,,,,,
70,71,海淀,快乐宝贝幼儿园,全方向,香山路,,,,,
71,72,海淀,东岳公寓门口西侧,全方向,香山路,,,,,
72,73,海淀,正蓝旗岗亭,全方向,香山路,,,,,
73,74,海淀,正蓝旗西口,全方向,香山路,,,,,
74,75,海淀,香山路香山出口东500米路南,全方向,香山路,,,,,
75,76,海淀,西小府桥头,全方向,香山路,,,,,
76,77,海淀,香泉环岛至功德寺桥牌下,全方向,香泉环岛,香泉环岛,,,,
77,78,海淀,西营黄庭家门前,全方向,香山路,,,,,
78,79,海淀,香山路北京植物园南门路北,全方向,香山路,,,,,
79,80,海淀,南营26号,全方向,香山路,,,,,
80,81,海淀,你来我往,全方向,香山路,,,,,
81,82,海淀,南营7号,全方向,香山路,,,,,
82,83,海淀,香山路卧佛寺西路南口,全方向,香山路,,,,,
83,84,海淀,鲍家窑9号北胡同口,全方向,香山路,,,,,
84,85,海淀,玉峰路北口,全方向,香山路,,,,,
85,86,海淀,停车场烟酒专卖,全方向,香山路,,,,,
86,87,海淀,学生辅导中心,全方向,香泉环岛,香山路,,,,
87,88,海淀,化工疗养院对面,全方向,一棵松路,,,,,
88,89,海淀,香山街道南大门,全方向,一棵松路,,,,,
89,90,海淀,香山南路北口,全方向,香山南路,,,,,
90,91,海淀,一棵松53号,全方向,香山南路,,,,,
91,92,海淀,北大附中香山学校,全方向,香山南路,,,,,
92,93,海淀,南新村东路口,全方向,香山南路,,,,,
93,94,海淀,6号院社区南侧,全方向,香山南路,,,,,
94,95,海淀,香山军区炮兵幼儿园,全方向,香山南路,,,,,
95,96,海淀,吴作人学校,全方向,香山南路,,,,,
96,97,海淀,买卖街5号,全方向,买卖街,,,,,
97,98,海淀,北正黄旗路中,全方向,杰王府路,,,,,
98,99,海淀,七彩谷幼儿园,全方向,杰王府路,,,,,
99,100,海淀,小蓝天,全方向,杰王府路,,,,,
100,101,海淀,杰王府公厕东,全方向,杰王府路,,,,,
101,102,海淀,杰王府下行东路口,全方向,杰王府路,,,,,
102,103,海淀,佟林园,全方向,杰王府路,,,,,
103,104,海淀,南辛村垃圾站,全方向,杰王府路,,,,,
104,105,海淀,杰王府公厕,全方向,杰王府路,,,,,
105,106,海淀,香山公园北上坡,全方向,枫林路,,,,,
106,107,海淀,公园东门,全方向,枫林路,,,,,
107,108,海淀,煤厂街东口,全方向,碧云寺路,碧云寺路,,,,
108,109,海淀,煤场街1号,全方向,碧云寺路,碧云寺路,,,,
109,110,海淀,煤场街25号,全方向,碧云寺路,碧云寺路,,,,
110,111,海淀,香山公园停车场北入口,全方向,碧云寺路,碧云寺路,,,,
111,112,海淀,火器营桥,全方向,蓝靛厂北路,北四环路,,,,
112,113,海淀,怡丽北园北门,全方向,北四环辅路,,,,,
113,114,海淀,四海桥往闵庄方向,全方向,西北四环辅路,西北四环辅路,,,,
114,115,海淀,四环北路与老营房路东南,全方向,西四环辅路,老营房路,,,,
115,116,海淀,青清商厦西门口,全方向,西四环辅路,,,,,
116,117,海淀,四海桥南,全方向,西北四环辅路,西北四环辅路,,,,
117,118,海淀,四季青地税所西侧,全方向,西四环辅路,,,,,
118,119,海淀,金雅园南口,全方向,彰化路,,,,,
119,120,海淀,西荣阁大楼西北角,全方向,彰化路,,,,,
120,121,海淀,彰化路加油站东侧,全方向,彰化路,,,,,
121,122,海淀,新知双语艺术幼儿园,全方向,彰化路,,,,,
122,123,海淀,彰化路中段,全方向,彰化路,,,,,
123,124,海淀,彰化路大鸭梨门口,全方向,彰化路,,,,,
124,125,海淀,烟树园东门,全方向,蓝靛厂西路,,,,,
125,126,海淀,清真寺西侧东南角,全方向,蓝靛厂中路,蓝晴路,,,,
126,127,海淀,康家网吧路口,全方向,蓝靛厂东路,老营房路,,,,
127,128,海淀,晴波园东门,全方向,火器营路,,,,,
128,129,海淀,火器营路南口,全方向,火器营路,老营房路,,,,
129,130,海淀,春荫园南门,全方向,老营房路,,,,,
130,131,海淀,翠叠园南门,全方向,老营房路,,,,,
131,132,海淀,康家网吧路口东侧,全方向,老营房路,,,,,
132,133,海淀,西顶路中段,全方向,老营房路,,,,,
133,134,海淀,蓝靛厂北路地铁火器营站地铁南侧路西,全方向,蓝靛厂北路,,,,,
134,135,海淀,世纪城西门,全方向,远大南街,板井路,,,,
135,136,海淀,天主教堂路口,全方向,板井路,,,,,
136,137,海淀,世纪城南门东侧,全方向,板井路,,,,,
137,138,海淀,车道沟桥上,全方向,板井路,,,,,
138,139,海淀,森林指挥部门口,全方向,板井路,,,,,
139,140,海淀,金沙娱乐城,全方向,金庄路,,,,,
140,141,海淀,诚品社区东门,全方向,云会寺路,,,,,
141,142,海淀,四季青地税所东侧,全方向,无名路,,,,,
142,143,海淀,空指东门东侧,全方向,蓝靛厂北路,,,,,
143,144,海淀,空指东门过街桥南,全方向,蓝靛厂北路,,,,,
144,145,海淀,长春桥南侧地铁口东侧,全方向,蓝靛厂南路,,,,,
145,146,海淀,麦种桥公交车站南侧,全方向,蓝靛厂南路,,,,,
146,147,海淀,车道沟地铁站北口,全方向,蓝靛厂南路,,,,,
147,148,海淀,北京信息管理学院北侧,全方向,西三环北路,,,,,
148,149,海淀,七贤村路口东,全方向,西三环北路,,,,,
149,150,海淀,万安东路东口路中心南,全方向,北坞村路,万安东路,,,,
150,151,海淀,万安东路东口,全方向,北坞村路,万安东路,,,,
151,152,海淀,北坞公园西门北侧小桥,全方向,北坞村路,,,,,
152,153,海淀,北坞公园西门,全方向,北坞村路,,,,,
153,154,海淀,北坞村路B40017路灯杆,全方向,北坞村路,,,,,
154,155,海淀,北坞公园西大门,全方向,北坞村路,,,,,
155,156,海淀,北坞公园西门至北坞嘉园路口,全方向,北坞村路,,,,,
156,157,海淀,北坞公园西门至北坞嘉园路口向南,全方向,北坞村路,,,,,
157,158,海淀,北坞村路与北坞嘉园北小街交叉口西北角,全方向,北坞村路,颐和园西门路,,,,
158,159,海淀,颐和园西门路与北坞村路交叉口东北角,全方向,北坞村路,颐和园西门路,,,,
159,160,海淀,北坞北小街与北坞村路口,全方向,北坞村路,颐和园西门路,,,,
160,161,海淀,玉泉公寓路口步道上,全方向,北坞村路,,,,,
161,162,海淀,北坞创新园东北门,全方向,北坞村路,,,,,
162,163,海淀,玉泉园路北隔离带内,全方向,北坞村路,,,,,
163,164,海淀,北坞村路与美华彩苑幼儿园,全方向,北坞村路,,,,,
164,165,海淀,中坞新村路南隔离带,全方向,北坞村路,,,,,
165,166,海淀,北京太和妇产医院路口南侧,全方向,北坞村路,,,,,
166,167,海淀,闵庄路与玉泉山路交叉口西北角,全方向,北坞村路,闵庄路,,,,
167,168,海淀,玉泉园路口,全方向,北坞村路,,,,,
168,169,海淀,美华彩苑幼儿园,全方向,北坞村路,,,,,
169,170,海淀,闵庄南路与闵庄路交叉T20001,全方向,闵庄南路,闵庄路,,,,
170,171,海淀,闵庄路与闵航路交叉口北侧,全方向,闵航路,闵庄路,,,,
171,172,海淀,防火指挥部,全方向,闵庄路,,,,,
172,173,海淀,闵庄路与茶棚路丁字口,全方向,茶棚路,闵庄路,,,,
173,174,海淀,闵庄路与影泉路丁字口,全方向,影泉路,闵庄路,,,,
174,175,海淀,师达学校路口,全方向,闵庄路,,,,,
175,176,海淀,北京师达学校,全方向,闵庄路,,,,,
176,177,海淀,清华育才中学,全方向,闵庄路,,,,,
177,178,海淀,田村路与廖公庄4S店门前东侧,全方向,田村路,,,,,
178,179,海淀,田村路巨山路西400米路北,全方向,田村路,,,,,
179,180,海淀,田村路与廖公庄公交站丁字路口,全方向,田村路,,,,,
180,181,海淀,田村路与巨山路东桥南,全方向,田村路,,,,,
181,182,海淀,田村路巨山路东300米路北,全方向,田村路,,,,,
182,183,海淀,田村路什坊院公交站东,全方向,田村路,,,,,
183,184,海淀,田村路砂石厂路西240米路北,全方向,田村路,,,,,
184,185,海淀,田村路南侧路口,全方向,田村路,,,,,
185,186,海淀,昆明湖南路天外天宾馆门口,全方向,昆明湖南路,,,,,
186,187,海淀,昆明湖南路与机场路交叉口西南,全方向,机场路,昆明湖南路,,,,
187,188,海淀,西郊机场正门,全方向,机场路,昆明湖南路,,,,
188,189,海淀,昆明湖南路与西四环北辅路,全方向,西四环辅路,昆明湖南路,,,,
189,190,海淀,西山美庐,全方向,香山南路,,,,,
190,191,海淀,南辛庄南口水泥杆,全方向,香山南路,,,,,
191,192,海淀,北辛庄双辛园小区车站,全方向,香山南路,,,,,
192,193,海淀,香山南路魏家村,全方向,香山南路,,,,,
193,194,海淀,香山南路与闵庄路交叉口东南角,全方向,香山南路,,,,,
194,195,海淀,香山南路第四实验小学路口南侧,全方向,香山南路,,,,,
195,196,海淀,香山南路第四实验小学路口北侧,全方向,香山南路,,,,,
196,197,海淀,银建公司杏石口路路口,全方向,杏石口路,,,,,
197,198,海淀,杏石口路南平庄公交站东侧,全方向,杏石口路,,,,,
198,199,海淀,南平庄村中街东口,全方向,南平庄路,杏石口路,,,,
199,200,海淀,杏石口南平庄路口西侧东向西,全方向,南平庄路,杏石口路,,,,
200,201,海淀,杏石口路绿馨家园南门,全方向,杏石口路,,,,,
201,202,海淀,路虎4S店东北角,全方向,巨山路,,,,,
202,203,海淀,通汇路口东口,全方向,西四环辅路,通汇路,,,,
203,204,海淀,强佑新城东门南侧,全方向,G6辅路,龙岗路,,,,
204,205,海淀,强佑新城东门公交站北侧,全方向,G6辅路,,,,,
205,206,海淀,清河中街与清河二街交叉口,全方向,清河中街,,,,,
206,207,海淀,清河商厦南侧,全方向,清河中街,,,,,
207,208,海淀,毛纺桥小米3号楼南侧路口,全方向,毛纺路,,,,,
208,209,海淀,毛纺桥小米3号楼北侧,全方向,毛纺路,,,,,
209,210,海淀,朱房路十字路口西南角,全方向,毛纺路,朱房路,,,,
210,211,海淀,北京圣地医院门前,全方向,毛纺路,朱房路,,,,
211,212,海淀,毛纺城路南口公交站北侧,全方向,毛纺路,,,,,
212,213,海淀,毛纺城京味宅门前,全方向,毛纺路,,,,,
213,214,海淀,五彩城对面毛纺路36号院西门,全方向,毛纺路,,,,,
214,215,海淀,五彩城东公交车站,全方向,毛纺路,,,,,
215,216,海淀,毛纺路与清河中街十字路口东北角,全方向,毛纺路,清河中街,,,,
216,217,海淀,力度家园西侧,全方向,毛纺路,,,,,
217,218,海淀,橡树湾东南门南侧,全方向,毛纺路,,,,,
218,219,海淀,力度家园西门北侧,全方向,毛纺路,,,,,
219,220,海淀,万橡府东门南侧,全方向,毛纺路,,,,,
220,221,海淀,阳光南里西门,全方向,毛纺路,,,,,
221,222,海淀,学府树北街东口路南侧,全方向,毛纺路,学府树北街,,,,
222,223,海淀,学府树北街东口路北,全方向,毛纺路,学府树北街,,,,
223,224,海淀,学府树北街橡树湾北门东侧,全方向,学府树中街,学府树北街,,,,
224,225,海淀,学府树北街与中街交叉口东北角,全方向,学府树中街,学府树北街,,,,
225,226,海淀,学府树北街与中街交叉口西120米处,全方向,学府树北街,,,,,
226,227,海淀,橡树湾二期东门北侧,全方向,学府树中街,,,,,
227,228,海淀,学府树中街五彩城南侧十字路口南侧,全方向,学府树中街,,,,,
228,229,海淀,学府树中街与朱房路交叉口东北侧,全方向,学府树中街,朱房路,,,,
229,230,海淀,朱房路西口公交站路北,全方向,朱房路,,,,,
230,231,海淀,朱房路西口公交站西侧,全方向,朱房路,,,,,
231,232,海淀,朱房路口东侧路南公厕东,全方向,朱房路,,,,,
232,233,海淀,清河中街西口东北角光大银行门前,全方向,清河中街,朱房北一街,,,,
233,234,海淀,实验小学北门,全方向,清河中街,,,,,
234,235,海淀,橡树湾二期南门,全方向,清河中街,,,,,
235,236,海淀,五彩城西侧地库出口西,全方向,清河中街,,,,,
236,237,海淀,五彩城西区对面,全方向,清河中街,,,,,
237,238,海淀,清河中街与学府树中街交叉口,全方向,清河中街,学府树中街,,,,
238,239,海淀,五彩城东区对面公交站西侧,全方向,清河中街,,,,,
239,240,海淀,安宁庄前街东口北侧,全方向,安宁庄东路,安宁庄前街,,,,
240,241,海淀,安宁庄东路与前街交叉口东北角,全方向,安宁庄东路,安宁庄前街,,,,
241,242,海淀,银燕大厦门口南侧,全方向,安宁庄东路,,,,,
242,243,海淀,大众4S店对面,全方向,安宁庄东路,,,,,
243,244,海淀,宫门前街北口,全方向,颐和园路,,,,,
244,245,海淀,大有庄三福门口,全方向,颐和园路,,,,,
245,246,海淀,骚子营公交车站,全方向,圆明园西路,,,,,
246,247,海淀,小清河公交车站,全方向,圆明园西路,,,,,
247,248,海淀,清华西门西北角,全方向,中关村北大街,清华西路,,,,
248,249,海淀,圆明园地铁站,全方向,清华西路,,,,,
249,250,海淀,清华西门南侧,全方向,中关村北大街,清华南路,,,,
250,251,海淀,坡上村公交站,全方向,颐和园路,,,,,
251,252,海淀,中央党校正门,全方向,颐和园路,,,,,
252,253,海淀,党校正门对面,全方向,颐和园路,,,,,
253,254,海淀,北宫门地铁站,全方向,颐和园路,,,,,
254,255,海淀,公交车站路中绿化带,全方向,颐和园路,,,,,
255,256,海淀,北宫门公交总站东,全方向,颐和园路,,,,,
256,257,海淀,壳牌加油站对面,全方向,颐和园路,,,,,
257,258,海淀,青龙桥办事处门口,全方向,香山路,,,,,
258,259,海淀,街道门口西侧水闸旁,全方向,香山路,,,,,
259,260,海淀,玉泉路北口,全方向,香山路,,,,,
260,261,海淀,红山桥十字路口西南侧,全方向,香山路,,,,,
261,262,海淀,硅谷停车场东门出入口,全方向,颐和园路,,,,,
262,263,海淀,铁科院西门,全方向,大柳树路,,,,,
263,264,海淀,大柳树西一街东口,全方向,大柳树路,,,,,
264,265,海淀,富海过街桥,全方向,大柳树路,,,,,
265,266,海淀,富海国际港门口,全方向,大柳树路,,,,,
266,267,海淀,北京市105中学,全方向,高粱桥斜街,,,,,
267,268,海淀,农科院南门西侧,全方向,学院南路,,,,,
268,269,海淀,军艺北门,全方向,学院南路,,,,,
269,270,海淀,农科南门,全方向,学院南路,,,,,
270,271,海淀,中钢研门口西侧,全方向,学院南路,,,,,
271,272,海淀,中国钢研科技集团门口,全方向,学院南路,,,,,
272,273,海淀,大慧寺北路口,全方向,学院南路,大慧寺北路,,,,
273,274,海淀,大慧寺路北口,全方向,学院南路,大慧寺北路,,,,
274,275,海淀,中软大厦南门西侧,全方向,学院南路,,,,,
275,276,海淀,中软大厦南门,全方向,学院南路,,,,,
276,277,海淀,大慧寺路东口北侧,全方向,大柳树路,大慧寺路,,,,
277,278,海淀,慈献寺过街天桥东南,全方向,高粱桥斜街,,,,,
278,279,海淀,北下关街道办事处对面,全方向,学院南路,,,,,
279,280,海淀,山西证劵门前,全方向,高粱桥斜街,,,,,
280,281,海淀,街道办事处,全方向,学院南路,,,,,
281,282,海淀,城建总公司,全方向,学院南路,,,,,
282,283,海淀,城建集团西侧灯杆,全方向,学院南路,,,,,
283,284,海淀,融金中财大酒店门前,全方向,学院南路,,,,,
284,285,海淀,大钟寺中坤广场,全方向,四道口北街,,,,,
285,286,海淀,百强国际家居广场东侧,全方向,四道口北街,,,,,
286,287,海淀,四道口北街华杰入口,全方向,四道口北街,,,,,
287,288,海淀,糖业烟酒公司北侧,全方向,四道口北街,,,,,
288,289,海淀,西糖烟酒门前,全方向,四道口北街,,,,,
289,290,海淀,大钟寺路凯旋,全方向,四道口路,,,,,
290,291,海淀,学院南路西口,全方向,学院南路,,,,,
291,292,海淀,水磨社区西侧辅路,全方向,中关村北大街,,,,,
292,293,海淀,水磨社区东侧辅路南,全方向,中关村北大街,,,,,
293,294,海淀,中科院物理所楼门口,全方向,北四环西路,,,,,
294,295,海淀,五道口地铁口,全方向,成府路,荷清路,,,,
295,296,海淀,华清嘉园北门东侧,全方向,成府路,,,,,
296,297,海淀,东升大厦西南路口2,全方向,中关村东路,成府路,,,,
297,298,海淀,荷清路赤城旅馆东南,全方向,荷清路,,,,,
298,299,海淀,双清路西王庄社区4号楼对面,全方向,双清路,,,,,
299,300,海淀,荷清路蒙民伟科技大楼,全方向,荷清路,,,,,
300,301,海淀,清华大学东门北侧,全方向,荷清路,,,,,
301,302,海淀,清华大学东北门,全方向,荷清路,,,,,
302,303,海淀,荷清路车道分岔口南,全方向,荷清路,,,,,
303,304,海淀,荷清路车道分岔口西,全方向,荷清路,,,,,
304,305,海淀,荷清路清华大学北1门,全方向,荷清路,,,,,
305,306,海淀,荷清路大石桥北,全方向,荷清路,,,,,
306,307,海淀,科贸北出口,全方向,中关村大街,,,,,
307,308,海淀,科贸过街天桥,全方向,中关村大街,,,,,
308,309,海淀,中科大厦,全方向,中关村大街,,,,,
309,310,海淀,田村路与砂石厂路交叉口东北角,全方向,砂石厂路,田村路,,,,
310,311,海淀,田村派出所门前,全方向,砂石厂路,田村路,,,,
311,312,海淀,田村派出所对面,全方向,砂石厂路,田村路,,,,
312,313,海淀,康城建设集团门口,全方向,田村路,,,,,
313,314,海淀,圣华里北门对面,全方向,田村路,,,,,
314,315,海淀,田村西口车站东侧,全方向,田村路,,,,,
315,316,海淀,田村北京银行对面,全方向,田村路,,,,,
316,317,海淀,雪芳园北口西侧,全方向,田村路,,,,,
317,318,海淀,畅香园北小门对面,全方向,田村路,,,,,
318,319,海淀,田村中心小学路,全方向,田村路,,,,,
319,320,海淀,大苑快捷酒店对面,全方向,田村路,,,,,
320,321,海淀,田村路与田村东路西北角,全方向,田村东路,田村路,,,,
321,322,海淀,田村路与田村东路西南角,全方向,田村东路,田村路,,,,
322,323,海淀,田村路与田村东路东北角,全方向,田村东路,田村路,,,,
323,324,海淀,畅茜苑公交站,全方向,田村路,,,,,
324,325,海淀,田村路关帝庙门口,全方向,田村路,,,,,
325,326,海淀,兰德华庭北门东侧,全方向,田村路,,,,,
326,327,海淀,新兴建设三公司门前,全方向,田村路,,,,,
327,328,海淀,百乐宾馆门前,全方向,田村路,,,,,
328,329,海淀,田村路永定路交叉口东200米路北,全方向,田村路,,,,,
329,330,海淀,田村路警卫66400部队门前,全方向,田村路,,,,,
330,331,海淀,京皖睿祥宾馆门前,全方向,田村路,,,,,
331,332,海淀,京通恒运幼儿园,全方向,田村路,,,,,
332,333,海淀,永定路甲四号院北门公交站,全方向,田村路,,,,,
333,334,海淀,五孔桥西北角,全方向,永定河路,田村路,,,,
334,335,海淀,西四环辅路与田村路西南角,全方向,西四环北路,田村路,,,,
335,336,海淀,三街坊东门,全方向,采石北路,正大路,,,,
336,337,海淀,金沟河路12号院门前,全方向,采石北路,,,,,
337,338,海淀,采石北路绿化队门前,全方向,采石北路,,,,,
338,339,海淀,泽丰苑西南门对面,全方向,采石北路,,,,,
339,340,海淀,泽丰苑西北门对面,全方向,采石北路,,,,,
340,341,海淀,玉海园五里东门,全方向,采石北路,,,,,
341,342,海淀,玉海园东门,全方向,采石北路,,,,,
342,343,海淀,橙天嘉禾影城北侧,全方向,采石北路,,,,,
343,344,海淀,阜石路与采石北路西南角,全方向,采石北路,阜石路,,,,
344,345,海淀,橡胶设计院南门,全方向,采石北路,阜石路,,,,
345,346,海淀,田村路40号院东门对面,全方向,双槐树,,,,,
346,347,海淀,双槐树路南口公交车站,全方向,双槐树,,,,,
347,348,海淀,双槐树路北口,全方向,双槐树,,,,,
348,349,海淀,双槐树路中昊家园南侧,全方向,双槐树,,,,,
349,350,海淀,总参军训和兵种部机关第三幼儿园,全方向,玉泉路,,,,,
350,351,海淀,十一学校西门,全方向,玉泉路,,,,,
351,352,海淀,玉泉路星期八公园西南角,全方向,玉泉路,,,,,
352,353,海淀,公园步道东门北停车场,全方向,玉泉路,,,,,
353,354,海淀,玉泉路玉海园车站南侧,全方向,玉泉路,,,,,
354,355,海淀,玉泉路第五季酒店门口,全方向,玉泉路,,,,,
355,356,海淀,田村路街道对面绿化带,全方向,玉泉路,,,,,
356,357,海淀,玉海园西门,全方向,玉泉路,,,,,
357,358,海淀,田村路办公中心对面,全方向,玉泉路,,,,,
358,359,海淀,玉阜嘉园西门,全方向,玉泉路,,,,,
359,360,海淀,黄家坟公交站,全方向,玉泉路,,,,,
360,361,海淀,北京龙徽葡萄酒博物馆西门,全方向,旱河路,,,,,
361,362,海淀,永达逸家西门南侧,全方向,旱河路,,,,,
362,363,海淀,永达逸家社区门口,全方向,旱河路,,,,,
363,364,海淀,兰德华庭东门南侧,全方向,旱河路,,,,,
364,365,海淀,兰德华庭东门,全方向,旱河路,,,,,
365,366,海淀,旱河路南侧地铁口,全方向,旱河路,,,,,
366,367,海淀,金沙国际休闲广场东侧,全方向,阜石路,,,,,
367,368,海淀,阜石路与采石北路西南角,全方向,采石北路,阜石路,,,,
368,369,海淀,五路居车站南侧,全方向,西四环北路,,,,,
369,370,海淀,五路居车站北侧,全方向,西四环北路,,,,,
370,371,海淀,金沟河与采石路东北角,全方向,采石北路,金沟河路,,,,
371,372,海淀,玉泉路口东北角,全方向,玉泉路,复兴路,,,,
372,373,海淀,金沟河路10号院门前,全方向,金沟河路,,,,,
373,374,海淀,武警总院车场北,全方向,永定路,,,,,
374,375,海淀,莲石路辅路,全方向,莲石路,,,,,
375,376,海淀,金家村桥路口东北角,全方向,万寿路,莲石路,,,,
376,377,海淀,翠微路南口东北角,全方向,翠微路,莲石路,,,,
377,378,海淀,新兴年代南门天桥,全方向,莲石路,,,,,
378,379,海淀,翠微路北段颐园居北,全方向,翠微路,,,,,
379,380,海淀,玉渊潭南路中房公司门口,全方向,玉渊潭南路,,,,,
380,381,海淀,翠微路翠玉路口,全方向,翠微路,玉渊潭南路,,,,
381,382,海淀,玉渊潭南路西翠路交叉口,全方向,西翠路,玉渊潭南路,,,,
382,383,海淀,翠微北里东门,全方向,翠微路,,,,,
383,384,海淀,今日五洲酒店西北角,全方向,沙窝中路,,,,,
384,385,海淀,万寿路路口与东街西北侧,全方向,万寿路,,,,,
385,386,海淀,万寿路与玉渊潭南路西北角,全方向,万寿路,玉渊潭南路,,,,
386,387,海淀,天地市场路口,全方向,复兴路,,,,,
387,388,海淀,翠微大厦南门西侧,全方向,翠微路,复兴路,,,,
388,389,海淀,翠微路与玉渊潭南路西南角,全方向,翠微路,玉渊潭南路,,,,
389,390,海淀,羊坊店西路北口,全方向,复兴路,,,,,
390,391,海淀,公主坟东过街天桥南侧,全方向,复兴路,,,,,
391,392,海淀,华鹰大厦对面,全方向,复兴路,,,,,
392,393,海淀,公主坟过街天桥北,全方向,复兴路,,,,,
393,394,海淀,军博地铁站B口路北,全方向,复兴路,,,,,
394,395,海淀,莲石路南侧莲花小区公交车站,全方向,西三环中路,,,,,
395,396,海淀,翠微路凯德MALL西门前,全方向,翠微路,,,,,
396,397,海淀,翠微路与万寿路路口,全方向,翠微路,,,,,
397,398,海淀,翠微路罗道庄中段路北,全方向,翠微路,,,,,
398,399,海淀,军博门前西向东步道上,全方向,复兴路,,,,,
399,400,海淀,西三环中路辅路新兴桥路南180米路东,全方向,西三环中路,,,,,
400,401,海淀,甘家口阜北一街南口对面,全方向,阜成路,,,,,
401,402,海淀,阜成路北侧辅路白堆子小区大门前,全方向,阜成路,,,,,
402,403,海淀,老莫西饼点门前,全方向,阜成路,,,,,
403,404,海淀,国兴家园小区北门路边,全方向,西苑街,,,,,
404,405,海淀,增光路西口东侧路南,全方向,西三环中路,,,,,
405,406,海淀,阜成路白堆子地铁站D口东侧西,全方向,首体南路,,,,,
406,407,海淀,四道口南过街天桥,全方向,首体南路,,,,,
407,408,海淀,恩济里南门,全方向,西八里庄路,,,,,
408,409,海淀,花园桥地铁站出口,全方向,西三环中路,,,,,
409,410,海淀,彰化南路东口,全方向,彰化南路,,,,,
410,411,海淀,彰化南路东口,全方向,彰化南路,,,,,
411,412,海淀,彰化南路路灯杆编号T20006,全方向,彰化南路,,,,,
412,413,海淀,彰化南路路灯杆编号T20007,全方向,彰化南路,,,,,
413,414,海淀,彰化南路路灯杆编号T20009,全方向,彰化南路,,,,,
414,415,海淀,彰化南路路灯杆编号T20011,全方向,彰化南路,,,,,
415,416,海淀,北京经济管理学校对面,全方向,北洼路,,,,,
416,417,海淀,常青路长铁路东南,全方向,常青路,,,,,
417,418,海淀,常青园北里东大门南侧铁路边,全方向,常青路,,,,,
418,419,海淀,常青路20006,全方向,常青路,,,,,
419,420,海淀,常润路北口,全方向,常润路,常青路,,,,
420,421,海淀,郦城工作区东侧,全方向,东冉中街,,,,,
421,422,海淀,枫叶幼儿园,全方向,通汇路,,,,,
422,423,海淀,伊斯特大厦门口,全方向,东冉北街,,,,,
423,424,海淀,常青园小区东北门口东侧,全方向,东冉北街,,,,,
424,425,海淀,常青园东北门对面,全方向,东冉北街,,,,,
425,426,海淀,常青园门口对面,全方向,东冉北街,,,,,
426,427,海淀,常青园路20001,全方向,常青园路,东冉北街,,,,
427,428,海淀,郦城回迁楼北侧路西,全方向,常青园路,东冉北街,,,,
428,429,海淀,东冉北街互联网金融产业园西南门,全方向,东冉北街,,,,,
429,430,海淀,东冉北街四季青派出所门口,全方向,东冉北街,,,,,
430,431,海淀,东冉北街与常润路交叉口,全方向,常润路,东冉北街,,,,
431,432,海淀,常青园路10005,全方向,常青园路,,,,,
432,433,海淀,常青园路20018,全方向,常青园路,,,,,
433,434,海淀,常青园路马奈草地东北门,全方向,常青园路,,,,,
434,435,海淀,常青园路马奈草地东2门,全方向,常青园路,,,,,
435,436,海淀,闵庄路与小屯村出口接口,全方向,闵庄南路,,,,,
436,437,海淀,闵庄南路T2009,全方向,闵庄南路,,,,,
437,438,海淀,四季御园酒店路北,全方向,旱河路,,,,,
438,439,海淀,北坞嘉园路口西侧,全方向,北坞嘉园北小街,,,,,
439,440,海淀,北坞公园南门内,全方向,北坞嘉园北小街,,,,,
440,441,海淀,北坞嘉园路口东北角东,全方向,北坞嘉园东小街,北坞嘉园北小街,,,,
441,442,海淀,北坞嘉园东小街东门北向,全方向,北坞嘉园东小街,,,,,
442,443,海淀,北坞嘉园东小街东门南向,全方向,北坞嘉园东小街,,,,,
443,444,海淀,东小街精心园路口向北,全方向,北坞嘉园东小街,茶棚东小街,,,,
444,445,海淀,北坞嘉园路口东北角北,全方向,北坞嘉园东小街,北坞嘉园北小街,,,,
445,446,海淀,915院西南角,全方向,北坞嘉园东小街,茶棚东小街,,,,
446,447,海淀,阜石路67号临1号,全方向,北坞嘉园东小街,茶棚东小街,,,,
447,448,海淀,巧智博幼儿园,全方向,茶棚路,,,,,
448,449,海淀,北京市海淀区四季青镇北坞幼儿园,全方向,茶棚路,,,,,
449,450,海淀,闵航路T20012,全方向,闵航路,,,,,
450,451,海淀,闵航路海霞歌厅交接口,全方向,闵航路,,,,,
451,452,海淀,空军服装研究生门口,全方向,闵航路,,,,,
452,453,海淀,闵航路T20024,全方向,闵航路,,,,,
453,454,海淀,闵航路365公交站交汇,全方向,闵航路,,,,,
454,455,海淀,闵航路空军机要系交口,全方向,闵航路,,,,,
455,456,海淀,首都师范附属小学,全方向,闵庄南路,,,,,
456,457,海淀,闵庄南路与玉虹南街路口,全方向,闵庄南路,玉虹南街,,,,
457,458,海淀,巨山路南口公交车站,全方向,巨山路,,,,,
458,459,海淀,厂洼东二街,全方向,厂洼南路,,,,,
459,460,海淀,厂洼东二街西口北侧,全方向,厂洼中路,厂洼南路,,,,
460,461,海淀,厂洼中路与路路口西,全方向,厂洼中路,厂洼北路,,,,
461,462,海淀,北洼路小学门口,全方向,常智路,,,,,
462,463,海淀,紫竹院民大附中,全方向,民族大学西路,,,,,
463,464,海淀,西四环辅路金沟河桥东侧,全方向,西四环辅路,金沟河路,,,,
464,465,海淀,西四环辅路南沙窝桥北西南饭店门前,全方向,西四环辅路,,,,,
465,466,海淀,西四环辅路沙窝桥下路口东北角,全方向,西四环辅路,太平路,,,,
466,467,海淀,翠微路口西北角,全方向,翠微路,复兴路,,,,
467,468,海淀,复兴路与西翠路交叉口西南角,全方向,西翠路,复兴路,,,,
468,469,海淀,复兴路地震局门口,全方向,复兴路,,,,,
469,470,海淀,羊坊店东路铁道大厦北侧,全方向,羊坊店东路,,,,,
470,471,海淀,北蜂窝路会城门桥北侧,全方向,北蜂窝路,,,,,
471,472,海淀,西三环辅路新兴桥北,全方向,西三环辅路,,,,,
472,473,海淀,复兴路军事博物馆过街红绿灯东侧路南,全方向,复兴路,,,,,
473,474,海淀,羊坊店西路北口东侧东向西,全方向,羊坊店西路,复兴路,,,,
474,475,海淀,羊坊店西路北口,全方向,羊坊店西路,复兴路,,,,
475,476,海淀,羊坊店西路北口,全方向,羊坊店西路,复兴路,,,,
476,477,海淀,航天桥下路口西南角,全方向,西三环辅路,,,,,
477,478,海淀,苏州桥桥上,全方向,万泉河路,,,,,
478,479,海淀,苏州桥下路口,全方向,长春桥路,,,,,
479,480,海淀,为公桥下路口,全方向,西三环辅路,,,,,
480,481,海淀,为公桥下路口北侧250米处,全方向,西三环辅路,,,,,
481,482,海淀,白石桥,全方向,中关村南大街,,,,,
482,483,海淀,中关村南大街紫竹院公园东门过街天桥,全方向,中关村南大街,,,,,
483,484,海淀,大柳树路交大西门,全方向,大柳树路,,,,,
484,485,海淀,大慧寺路东口,全方向,大柳树路,,,,,
485,486,海淀,大柳树路大柳树路口南侧,全方向,大柳树路,,,,,
486,487,海淀,四通桥路口南侧,全方向,中关村南大街,,,,,
487,488,海淀,联想桥下路口南侧,全方向,皂君庙路,,,,,
488,489,海淀,皂君庙路联想桥南过街桥,全方向,皂君庙路,,,,,
489,490,海淀,北三环双安东侧过街桥,全方向,北三环辅路,,,,,
490,491,海淀,学院南路明光桥下路口西侧,全方向,学院南路,,,,,
491,492,海淀,北三环辅路教育出版社北门,全方向,北三环辅路,,,,,
492,493,海淀,北三环北太平庄招待所,全方向,北三环辅路,,,,,
493,494,海淀,中关村一桥路口东侧东向西,全方向,北四环辅路,,,,,
494,495,海淀,中关村2号桥西侧路南,全方向,北四环辅路,,,,,
495,496,海淀,中关村3号桥西侧路南,全方向,北四环辅路,,,,,
496,497,海淀,中关村3号桥北侧,全方向,北四环辅路,,,,,
497,498,海淀,保福寺桥西北角,全方向,北四环辅路,,,,,
498,499,海淀,保福寺桥东南侧,全方向,北四环辅路,,,,,
499,500,海淀,北沙滩桥下,全方向,G6辅路,清华东路,,,,
500,501,海淀,学院桥下路口东北角,全方向,学院路,北四环辅路,,,,
501,502,海淀,小营桥下路口西侧路南,全方向,G6高速辅路,小营西路,,,,
502,503,海淀,西苑桥下路口,全方向,万泉河路,颐和园路,,,,
503,504,海淀,西苑桥下路口东侧,全方向,万泉河路,颐和园路,,,,
504,505,海淀,西三旗桥东南侧,全方向,G6辅路,,,,,
505,506,海淀,龙翔路东口,全方向,G7辅路,,,,,
506,507,海淀,北三环中央新影厂,全方向,北三环辅路,,,,,
507,508,海淀,花园北路北医附中对面,全方向,花园北路,,,,,
508,509,海淀,金沟河桥下路口西侧,全方向,西四环辅路,金沟河路,,,,
509,510,海淀,定慧北桥下路口西侧,全方向,西四环辅路,田村路,,,,
510,511,海淀,西四环辅路四海桥东侧,全方向,西四环辅路,,,,,
511,512,海淀,蓝靛厂西路北口,全方向,蓝靛厂西路,蓝靛厂路,,,,
512,513,海淀,远大路西口,全方向,西四环辅路,板井路,,,,
513,514,海淀,板井路中石化加油站口,全方向,板井路,,,,,
514,515,海淀,西四环四季青桥北侧约330米处,全方向,西四环辅路,,,,,
515,516,海淀,板井路世纪金源大酒店对面,全方向,板井路,,,,,
516,517,海淀,西四环辅路彰化路西口,全方向,西四环辅路,彰化路,,,,
517,518,海淀,西四环辅路彰化路西口南侧,全方向,西四环辅路,,,,,
518,519,海淀,老营房西口,全方向,西四环辅路,老营房路,,,,
519,520,海淀,西四环辅路板井路西口南侧,全方向,西四环辅路,,,,,
520,521,海淀,火器营桥西南角砸道,全方向,北四环辅路,,,,,
521,522,海淀,蓝靛厂北向南北路长春桥北侧,全方向,蓝靛厂北路,,,,,
522,523,海淀,复兴路五棵松桥西侧六街坊南口  ,全方向,复兴路,,,,,
523,524,海淀,复兴路五棵松路口西北角,全方向,复兴路,,,,,
524,525,海淀,西四环辅路九街坊社区东北角,全方向,西四环辅路,,,,,
525,526,海淀,西四环辅路中关村人才门口,全方向,西四环辅路,,,,,
526,527,海淀,西四环辅路四季青路东口 ,全方向,西四环辅路,四季青路,,,,
527,528,海淀,东冉北街东口,全方向,西四环辅路,东冉北街,,,,
528,529,海淀,北四环辅路火器营桥东,全方向,北四环辅路,,,,,
529,530,海淀,北四环辅路火器营桥下,全方向,北四环辅路,,,,,
530,531,海淀,万寿路西街西口,东向西,西翠路,万寿路西街,,,,
531,532,丰台,玉泉营桥南向西匝道,南向西,玉泉营桥,,,,,
532,533,门头沟,水厂北路与新桥大街交叉口,南向北,新桥大街,水厂北路,,,,
533,534,门头沟,水厂北路与新桥大街交叉口,北向南,新桥大街,水厂北路,,,,
534,535,门头沟,水厂北路与新桥大街交叉口,东向西,新桥大街,水厂北路,,,,
535,536,门头沟,桥东路与新桥大街交叉口,东向西,新桥大街,桥东路,,,,
536,537,门头沟,桥东路与新桥大街交叉口,西向东,新桥大街,桥东路,,,,
537,538,门头沟,桥东路与新桥大街交叉口,北向南,新桥大街,桥东路,,,,
538,539,门头沟区,小园路北口 ,北向南,紫金北路,小园路,,,,
539,540,门头沟区,南村路口,南向北,108国道辅线,108国道　,,,,
540,541,门头沟区,南村路口 ,北向南,108国道辅线,108国道　　,,,,
541,542,门头沟区,矿建街与东辛房街交叉口 ,东向西,矿建街,东辛房街,,,,
542,543,门头沟区,矿建街与东辛房街交叉口  ,西向东,矿建街,东辛房街,,,,
543,544,门头沟区,矿建街与东辛房街交叉口  ,北向南,矿建街,东辛房街,,,,
544,545,门头沟区,增峪路与门头沟路交叉口 ,南向北,增峪路,门头沟路,,,,
545,546,门头沟区,新桥大街北口, 北向南,新桥大街,石担路,,,,
546,547,门头沟区,108国道辅线与紫金路交叉口 ,东向西,紫紫金路,108国道辅线,,,,
547,548,门头沟区,108国道辅线与紫金路交叉口 ,西向东,紫紫金路,108国道辅线,,,,
548,549,通州,运河园路西侧北段,北向南,运河园路,,,,,
549,550,通州,运河园路西侧中段,北向南,运河园路,,,,,
550,551,通州,运河园路西侧南段,北向南,运河园路,,,,,
551,552,通州,新街下坡路南口,南向北,新街下坡,,,,,
552,553,通州,梨园南街大运河古玩花鸟市场南门前,东向西,梨园南街,,,,,
553,554,通州,梨园南街运乔家具体验中心门前,东向西,梨园南街,,,,,
554,555,通州,梨园南街玉桥东里南门,东向西,梨园南街,,,,,
555,556,通州,梨园南街与玉桥东路东北侧辅路,东向西,玉桥东路,梨园南街,,,,
556,557,通州,梨园南街与玉桥东路东北侧主路,东向西,玉桥东路,梨园南街,,,,
557,558,通州,梨园南街与玉桥东路西北侧,东向西,玉桥东路,梨园南街,,,,
558,559,通州,梨园南街梨园东里农贸市场门前,东向西,梨园南街,,,,,
559,560,通州,梨园南街华业东方玫瑰路北侧辅路,东向西,梨园南街,,,,,
560,561,通州,梨园南街华业东方玫瑰路北侧主路,东向西,梨园南街,,,,,
561,562,通州,梨园南街与九棵树东路路口西北侧主路,东向西,九棵树东路,梨园南街,,,,
562,563,通州,梨园南街与九棵树东路路口西北侧辅路,东向西,九棵树东路,梨园南街,,,,
563,564,通州,云景南大街与云景东路路口西北侧,东向西,云景东路,云景南大街,,,,
564,565,通州,翠屏西路与怡乐中街路口口南东侧,南向北,翠屏西路,怡乐中街,,,,
565,566,通州,翠屏西路翠屏北里西门,南向北,翠屏西路,,,,,
566,567,通州,翠屏西路与北苑南路路口南西侧,北向南,翠屏西路,北苑南路,,,,
567,568,通州,翠屏西路与通朝大街南西侧辅路,北向南,翠屏西路,通朝大街,,,,
568,569,通州,翠屏西路与通朝大街南西侧主路,北向南,翠屏西路,通朝大街,,,,
569,570,通州,翠屏西路新华联家园西门,北向南,翠屏西路,,,,,
570,571,通州,翠屏西路与怡乐北街路口北西侧辅路,北向南,翠屏西路,怡乐北街,,,,
571,572,通州,翠屏西路与怡乐北街路口北西侧主路,北向南,翠屏西路,怡乐北街,,,,
572,573,通州,翠屏西路与怡乐北街路口南西侧,北向南,翠屏西路,怡乐北街,,,,
573,574,通州,云景南大街花澜溪小区北门,西向东,云景南大街,,,,,
574,575,通州,梨园南街与九棵树东路路口东南侧辅路,西向东,九棵树东路,梨园南街,,,,
575,576,通州,梨园南街与九棵树东路路口东南侧主路,西向东,九棵树东路,梨园南街,,,,
576,577,通州,梨园南街北京银行门前,西向东,梨园南街,,,,,
577,578,通州,梨园南街平安银行门前主路,西向东,梨园南街,,,,,
578,579,通州,梨园南街东方玫瑰步行街北口,西向东,梨园南街,,,,,
579,580,通州,梨园南街与临河里路西南侧,西向东,临河里路,梨园南街,,,,
580,581,通州,新华北路与永顺北街路口西北侧,北向南,新华北路,永顺北街,,,,
581,582,通州,新华北路永顺镇政府南西侧,北向南,新华北路,,,,,
582,583,通州,新华北路中国移动门前,北向南,新华北路,,,,,
583,584,通州,新华北路与永顺东街路口南西侧,北向南,新华北路,永顺东街,,,,
584,585,通州,新华北路与永顺南街路口北西侧,北向南,新华北路,永顺东街,,,,
585,586,通州,新华北路区政府北侧,北向南,新华北路,,,,,
586,587,通州,新华北路与永顺南街路口南东侧,南向北,新华北路,永顺南街,,,,
587,588,通州,新华北路与永顺南街路口北东侧,南向北,新华北路,永顺南街,,,,
588,589,通州,新华北路与永顺东街路口南东侧,南向北,新华北路,永顺东街,,,,
589,590,通州,新华北路与永顺东街路口北东侧,南向北,新华北路,永顺东街,,,,
590,591,通州,新华北路永顺镇政府对面南侧,南向北,新华北路,,,,,
591,592,通州,新华北路与永顺北街路口北东侧,南向北,新华北路,永顺北街,,,,
592,593,通州,新华南路与新城南街路口北西侧,北向南,新华南路,新城南街,,,,
593,594,通州,新华南路与新城南街路口北东侧,南向北,新华南路,新城南街,,,,
594,595,通州,新华南路与中山大街路口南东侧,南向北,新华南路,中山大街,,,,
595,596,通州,新华南路与新华东街路口南东侧,南向北,新华南路,新华东街,,,,
596,597,通州,通顺北路与永顺南街交叉口东北侧,东向西,通惠北路,永顺南街,,,,
597,598,通州,九棵树东路通州长途汽车站马路对面,西向东,土桥中街,九棵树东路,,,,
598,599,通州,朝晖东街京贸家园南门东南侧,西向东,芙蓉东路,朝晖东街,,,,
599,600,通州,玉带河东街通45辛安屯村站东南侧,西向东,玉带河东街,,,,,
600,601,通州,玉带河东街809路辛安屯村站西南侧,西向东,玉带河东街,,,,,
601,602,通州,玉带河东街809路辛安屯村公交站,西向东,玉带河东街,,,,,
602,603,通州,玉带河东街古城村南口公交站东南侧,西向东,玉带河东街,,,,,
603,604,通州,玉带河东街丰字沟桥西南侧,西向东,玉带河东街,,,,,
604,605,通州,玉带河东街专205通州三中站东南侧,西向东,玉带河东街,,,,,
605,606,通州,玉带河东街与通南路交叉口东南侧,西向东,通南路,玉带河东街,,,,
606,607,通州,玉带河东街809路通州三中站西南侧,西向东,玉带河东街,,,,,
607,608,通州,玉带河东街809路通州三中站东南侧,西向东,玉带河东街,,,,,
608,609,通州,玉带河东街与创新路交叉口西南侧,西向东,创新路,玉带河东街,,,,
609,610,通州,玉带河东街与宋梁路交叉口西南侧,西向东,宋梁路,玉带河东街,,,,
610,611,通州,玉带河东街与创新路交叉口东北侧,东向西,创新路,玉带河东街,,,,
611,612,通州,玉带河东街与创新路交叉口西北侧,东向西,创新路,玉带河东街,,,,
612,613,通州,玉带河东街809路通州三中站东北侧,东向西,玉带河东街,,,,,
613,614,通州,玉带河东街809路通州三中站西北侧,东向西,玉带河东街,,,,,
614,615,通州,玉带河东街与通南路交叉口西北侧,东向西,通南路,玉带河东街,,,,
615,616,通州,玉带河东街丰字沟桥东北侧,东向西,玉带河东街,,,,,
616,617,通州,玉带河东街古城村南口公交站东北侧,东向西,玉带河东街,,,,,
617,618,通州,玉带河东街古城村南口公交站西北侧,东向西,玉带河东街,,,,,
618,619,通州,玉带河东街809路辛安屯村站路北侧,东向西,玉带河东街,,,,,
619,620,通州,玉带河东街809路辛安屯村站东北侧,东向西,玉带河东街,,,,,
620,621,通州,玉带河东街809路辛安屯村站西北侧,东向西,玉带河东街,,,,,
621,622,通州,北苑南路与玉带河西街交叉口东南侧,西向东,北苑南路,玉带河西街,,,,
622,623,通州,玉带河西街与西关二巷交叉口东南侧,西向东,西关二巷,玉带河西街,,,,
623,624,通州,玉带河西街与通惠南路交叉口西南侧,西向东,通惠南路,玉带河西街,,,,
624,625,通州,玉带河西街与通惠南路交叉口东南侧,西向东,通惠南路,玉带河西街,,,,
625,626,通州,玉带河西街第二中门口西南侧,西向东,通惠南路,玉带河西街,,,,
626,627,通州,玉带河西街与新仓路交叉口西南侧,西向东,新仓路,玉带河西街,,,,
627,628,通州,玉带河西街潞河国际教育学院东南侧,西向东,玉带河西街,,,,,
628,629,通州,玉带河西营前街小区20号楼东南侧,西向东,玉带河东街,,,,,
629,630,通州,玉带河东街社会管理服务中心东南侧,西向东,玉带河东街,,,,,
630,631,通州,玉带河东街西前营小区7号楼路南侧,西向东,玉带河东街,,,,,
631,632,通州,玉带河东街质技术监督局门口路南侧,西向东,玉带河东街,,,,,
632,633,通州,玉带河东街通州人寿保险公司西南侧,西向东,玉带河东街,,,,,
633,634,通州,玉带河东街与南小园路交叉口西南侧,西向东,南小园路,玉带河东街,,,,
634,635,通州,玉带河东街西上园小区门口路南侧,西向东,玉带河东街,,,,,
635,636,通州,玉带河东街通州分局户政大厅西南侧,西向东,玉带河东街,,,,,
636,637,通州,玉带河东街通州分局巡警支队西南侧,西向东,上香胡同,玉带河东街,,,,
637,638,通州,玉带河东街香林郡小区南门西南侧,西向东,玉带河东街,,,,,
638,639,通州,玉带河东街宝洁洗涤用品公司西南侧,西向东,玉带河东街,,,,,
639,640,通州,玉带河东街京通医院西南侧,西向东,玉带河东街,,,,,
640,641,通州,玉带河东街通州区教职工幼儿园门口,西向东,玉带河东街,,,,,
641,642,通州,玉带河东街与紫云中路交叉口东南侧,西向东,紫云中路,玉带河东街,,,,
642,643,通州,玉带河809水仙西路路口东站东南侧,西向东,玉带河东街,,,,,
643,644,通州,玉带河东街运河湾南小区门口西北侧,东向西,玉带河东街,,,,,
644,645,通州,玉带河东街通州人寿保险公司西北侧,东向西,玉带河东街,,,,,
645,646,通州,玉带河东街中仓派出所东北侧,东向西,玉带河东街,,,,,
646,647,通州,玉带河东街通州南关西公交站东北侧,东向西,玉带河东街,,,,,
647,648,通州,玉带河东街通州南关西公交站西北侧,东向西,玉带河东街,,,,,
648,649,通州,玉带河东街与车站路交叉口东北侧,东向西,车站路,玉带河东街,,,,
649,650,通州,玉带河西街潞河医院路口西公交站东北侧,东向西,玉带河西街,,,,,
650,651,通州,玉带河西街中共通州区委党校东北侧,东向西,玉带河西街,,,,,
651,652,通州,玉带河西街后南仓小区门口东北侧,东向西,玉带河西街,,,,,
652,653,通州,玉带河街809路后南仓公交站西北侧,东向西,玉带河西街,,,,,
653,654,通州,玉带河西街复兴里公交站东北侧,东向西,玉带河西街,,,,,
654,655,通州,玉带河西街复兴里公交站西北侧,东向西,玉带河西街,,,,,
655,656,通州,玉带河西街与西关二巷交叉口东北侧,东向西,玉带河西街,,,,,
656,657,通州,103与土桥中路交叉口北东侧,南向北,土桥中路,103国道,,,,
657,658,通州,103国道与土桥中路交叉口北西侧,北向南,土桥中路,103国道,,,,
658,659,通州,土桥中路西侧砖厂中路201号院门口,北向南,土桥中路,,,,,
659,660,通州,华远铭悦世家西门土桥中街,南向北,土桥中路,,,,,
660,661,通州,玉桥中路东侧三间房公交站,南向北,玉桥中路,,,,,
661,662,通州,玉桥中路西侧妇幼儿科门诊门口,北向南,玉桥中路,,,,,
662,663,通州,玉桥中路东侧妇幼医院门口,南向北,玉桥中路,,,,,
663,664,通州,玉桥中路西侧妇幼医院对面,北向南,玉桥中路,,,,,
664,665,通州,梨园北街南侧玉桥南里社区卫生服务站南门口,西向东,梨园北街,,,,,
665,666,通州,玉桥东路与梨园北街交叉口西南侧,西向东,玉桥东路,梨园中街,,,,
666,667,通州,玉桥东路与梨园北街交叉口西北侧玉桥中学门口,东向西,玉桥东路,梨园中街,,,,
667,668,通州,梨园北街北侧梨园公交站西50米,东向西,梨园北街,,,,,
668,669,通州,玉桥中路与梨园北街交叉口西北侧,东向西,玉桥中路,梨园北街,,,,
669,670,通州,梨园北街南侧梨园东里北区公交站,西向东,梨园北街,,,,,
670,671,通州,梨园北街北侧柳岸方园门口,东向西,梨园北街,,,,,
671,672,通州,梨园北街南侧梨园东里北区门口西50米,西向东,梨园北街,,,,,
672,673,通州,梨园路与梨园北街交叉口东北侧法院门口,东向西,梨园路,梨园北街,,,,
673,674,通州,梨园北街南侧嘉福临大厦门口,西向东,梨园路,梨园北街,,,,
674,675,通州,玉桥中路与乔庄北街交叉口北东侧,南向北,玉桥中路,乔庄北街,,,,
675,676,通州,玉桥中路与乔庄北街交叉口北西侧,北向南,玉桥中路,梨园北街,,,,
676,677,通州,玉桥中路与玉带河东街交叉口南东侧,南向北,玉桥中路,玉带河东大街,,,,
677,678,通州,玉桥中路与玉带河东街交叉口南西侧,北向南,玉桥中路,玉带河东大街,,,,
678,679,通州,云景东路西侧贵友大厦停车场入口,北向南,云景东路,103,,,,
679,680,通州,云景东路与103交叉口南东侧,南向北,云景东路,103,,,,
680,681,通州,云景东路与103交叉口西南侧,西向东,云景东路,103,,,,
681,682,通州,103国道北侧杨家洼公交站,东向西,云景东路,103,,,,
682,683,通州,云景东路贵友大厦西侧南300米,南向北,云景东路,,,,,
683,684,通州,云景东路东侧云景东路公交站,南向北,云景东路,,,,,
684,685,通州,云景东路东侧中国联通营业厅门口,南向北,云景东路,,,,,
685,686,通州,云景东路中国联通对面链家门口,北向南,云景东路,,,,,
686,687,通州,云景东路与五所南路交叉口北东侧,南向北,云景东路,五所南路,,,,
687,688,通州,玉桥中路与乔庄北街交叉口南西侧,南向北,玉桥中路,乔庄北街,,,,
688,689,通州,滨河中路与运河东大街路口北路东侧,南向北,滨河中路,运河东大街,,,,
689,690,通州,滨河中路公交站北50米路东侧,南向北,滨河中路,,,,,
690,691,通州,滨河中路公交站北100米路东侧,南向北,滨河中路,,,,,
691,692,通州,滨河中路公交站北150米路东侧,南向北,滨河中路,,,,,
692,693,通州,滨河中路铁路桥南200米处路东侧,南向北,滨河中路,,,,,
693,694,通州,滨河中路铁路桥南100米处路东侧,南向北,滨河中路,,,,,
694,695,通州,滨河中路铁路桥南20米处路东侧,南向北,滨河中路,,,,,
695,696,通州,滨河中路铁路桥北20米处东侧,南向北,滨河中路,,,,,
696,697,通州,滨河中路地铁北运河西站路东侧,南向北,滨河中路,玉带河东街,,,,
697,698,通州,滨河中路北运河地铁站A出口路西侧,北向南,滨河中路,玉带河东街,,,,
698,699,通州,滨河中路富力中心北路西侧,北向南,滨河中路,,,,,
699,700,通州,滨河中路成大广场北路西侧,北向南,滨河中路,,,,,
700,701,通州,滨河中路成大广场南路西侧,北向南,滨河中路,,,,,
701,702,通州,滨河中路成大广场北路西侧,北向南,滨河中路,,,,,
702,703,通州,滨河中路合景泰中心门前路西侧,北向南,滨河中路,,,,,
703,704,通州,滨河中路复地中心门前路西侧,北向南,滨河中路,玉带河东街,,,,
704,705,通州,京榆旧线北工大正门对面路南侧,西向东,潞苑西路,京榆旧线,,,,
705,706,通州,京榆旧线北工大东南一门西路北侧,东向西,潞苑西路,京榆旧线,,,,
706,707,通州,京榆旧线北工大东南一门对面路南侧,西向东,潞苑西路,京榆旧线,,,,
707,708,通州,京榆旧线澜花语岸北门对面路北侧,东向西,潞苑西路,京榆旧线,,,,
708,709,通州,京榆旧线澜花语岸北门东路南侧,西向东,潞苑西路,京榆旧线,,,,
709,710,通州,京榆旧线与陈列馆路路口西路北侧,东向西,陈列馆路,京榆旧线,,,,
710,711,通州,京榆旧线古韵新居北门路南侧,西向东,陈列馆路,京榆旧线,,,,
711,712,通州,京榆旧线至善家园7号楼南路北侧,东向西,陈列馆路,京榆旧线,,,,
712,713,通州,京榆旧线永顺镇敬老院门前路南侧,西向东,陈列馆路,京榆旧线,,,,
713,714,通州,京榆旧线潞潮佳苑南门路北侧,东向西,陈列馆路,京榆旧线,,,,
714,715,通州,京榆旧线潞潮佳苑南门对面东南路南侧,西向东,陈列馆路,京榆旧线,,,,
715,716,通州,京榆旧线潞苑南里西北侧,东向西,陈列馆路,京榆旧线,,,,
716,717,通州,京榆旧线潞苑南里南门对面路南侧,西向东,潞苑东路,京榆旧线,,,,
717,718,通州,京榆旧线潞苑南里南门路北侧,东向西,潞苑东路,京榆旧线,,,,
718,719,通州,京榆旧线珠江丽景家园南门路北侧,东向西,潞苑东路,京榆旧线,,,,
719,720,通州,京榆旧线诺丁山北门前路南侧,西向东,潞苑东路,京榆旧线,,,,
720,721,通州,京榆旧线珠江丽景家园南门路北侧,东向西,潞苑东路,京榆旧线,,,,
721,722,通州,京榆旧线耿庄宾馆北路南侧,西向东,潞苑东路,京榆旧线,,,,
722,723,通州,车站路北口与中山大街路口南路西侧,北向南,车站路,中山大街,,,,
723,724,通州,车站路北口与中山大街路口南路东侧,南向北,车站路,中山大街,,,,
724,725,通州,车站路兴业银行门前路西侧,北向南,车站路,中山大街,,,,
725,726,通州,车站路中国工商银行门前路东侧,南向北,车站路,中山大街,,,,
726,727,通州,车站路中国银行门前路西侧,北向南,车站路,四员厅街,,,,
727,728,通州,车站路住建委门前路东侧,南向北,车站路,四员厅街,,,,
728,729,通州,车站路中国书法家协会门前路西侧,北向南,车站路,西顺城街,,,,
729,730,通州,车站路东方宾馆门前路东侧,南向北,车站路,西顺城街,,,,
730,731,通州,车站路中西医结合骨伤医院门前路西侧,北向南,车站路,西顺城街,,,,
731,732,通州,车站路东方生活区西门路东侧,南向北,车站路,西顺城街,,,,
732,733,通州,车站路与玉带河东街路口南西侧,北向南,车站路,玉带河东街,,,,
733,734,通州,车站路东方生活区西门路西侧,南向北,车站路,玉带河东街,,,,
734,735,通州,通马路与京津公路路口南东侧,南向北,通马路,京津公路,,,,
735,736,通州,通马路与怡乐北街路口北东侧,南向北,通马路,怡乐北街,,,,
736,737,通州,东果园北街与芙蓉东路路口西南侧,西向东,东果园北街,芙蓉东路,,,,
737,738,通州,东果园北街芙蓉小学西路南侧,西向东,东果园北街,,,,,
738,739,通州,东果园北街与运河园路路口东北侧,东向西,东果园北街,运河园路,,,,
739,740,通州,新街下坡路与中山大街路口南西侧,北向南,新街下坡路,中山大街,,,,
740,741,通州,新街下坡路东方小学门前路西侧,北向南,新街下坡路,,,,,
741,742,通州,新街下坡路新街下坡30号院东西侧,北向南,新街下坡路,,,,,
742,743,通州,新街下坡路与四员厅街路口北西侧,北向南,新街下坡路,四员厅街,,,,
743,744,通州,中山大街与新华南路路口西北侧,东向西,新华南路,中山大街,,,,
744,745,通州,中山大街北京one南门路北侧,东向西,中山大街,,,,,
745,746,通州,中山大街通州区幼儿园东北侧,东向西,中山大街,,,,,
746,747,通州,中山大街通州区幼儿园西北侧,东向西,中山大街,,,,,
747,748,通州,中山大街与新仓路路口东北侧,东向西,新仓路,中山大街,,,,
748,749,昌平,南三街与南丰路口,西向东,南丰路,南三街,,,, 
749,750,昌平,南三街与北沙河中路口,南向北,北沙河中路,南三街,,,,
750,751,昌平,南三街与北沙河中路口,北向南,北沙河中路,南三街,,,,
751,752,昌平,南三街与西三路口,东向西,西三路,南三街,,,,
752,753,昌平,南三街与西三路口,北向南,西三路,南三街,,,,
753,754,昌平,南三街与西三路口,南向北,西三路,南三街,,,,
754,755,昌平,高教园中街玫瑰园南门西侧灯岗,东向西,高教园中街,,,,,
755,756,昌平,高教园中街玫瑰园南门西侧灯岗,西向东,高教园中街,,,,,
756,757,昌平,高教园中街玫瑰园南门东侧灯岗,东向西,高教园中街,,,,,
757,758,昌平,高教园中街玫瑰园南门东侧灯岗,西向东,高教园中街,,,,,
758,759,昌平,南丰路与高教园中街口,西向东,南丰路,高教园中街,,,,
759,760,昌平,南丰路与高教园中街口,南向北,南丰路,高教园中街,,,,
760,761,昌平,西三路与高教园中街口,南向北,西三路,高教园中街,,,,
761,762,昌平,西三路与高教园中街口,西向东,西三路,高教园中街,,,,
762,763,昌平,西三路与高教园中街口,东向西,西三路,高教园中街,,,,
763,764,昌平,北沙河中路与北二街,南向北,北沙河中路,北二街,,,,
764,765,昌平,北沙河中路与北二街,北向南,北沙河中路,北二街,,,,
765,766,昌平,北沙河中路与北一街,西向东,北沙河中路,北一街,,,,
766,767,昌平,北沙河中路与北一街,北向南,北沙河中路,北一街,,,,
767,768,昌平,北沙河中路与北一街,南向北,北沙河中路,北一街,,,,
768,769,昌平,北沙河中路与北三街,北向南,北沙河中路,北三街,,,,
769,770,昌平,北沙河中路与北三街,南向北,北沙河中路,北三街,,,,
770,771,昌平,北沙河中路与北三街,西向东,北沙河中路,北三街,,,,
771,772,昌平,北沙河中路与北三街,东向西,北沙河中路,北三街,,,,
772,773,昌平,北一街与西五路,东向西,西五路,北一街,,,,
773,774,昌平,北一街与西五路,西向东,西五路,北一街,,,,
774,775,昌平,北一街与西五路,北向南,西五路,北一街,,,,
775,776,昌平,北三街与西五路,北向南,西五路,北三街,,,,
776,777,昌平,北三街与西五路,南向北,西五路,北三街,,,,
777,778,昌平,北三街与西五路,西向东,西五路,北三街,,,,
778,779,昌平,北三街与西五路,东向西,西五路,北三街,,,,
779,780,昌平,南二街与西三路口,北向南,西三路,南二街,,,,
780,781,昌平,南二街与西三路口,西向东,西三路,南二街,,,,
781,782,昌平,南二街与西三路口,南向北,西三路,南二街,,,,
782,783,昌平,北二街与西五路,北向南,西五路,北二街,,,,
783,784,昌平,北二街与西五路,南向北,西五路,北二街,,,,
784,785,昌平,北二街与西五路,东向西,西五路,北二街,,,,
785,786,昌平,北二街与西五路,西向东,西五路,北二街,,,,
786,787,昌平,北二街与北沙河中路,西向东,北沙河中路,北二街,,,,
787,788,昌平,南丰路与北一街口,北向南,南丰路,北一街,,,,
788,789,昌平,南丰路与北一街口,南向北,南丰路,北一街,,,,
789,790,昌平,外交学院南门东侧,东向西,南三街,,,,,
790,791,昌平,外交学院南门东侧,西向东,南三街,,,,,
791,792,昌平,北师大附属中学西侧,东向西,北三街,,,,,
792,793,昌平,北师大附属中学西侧,西向东,北三街,,,,,
793,794,昌平,北沙河中路玫瑰环岛南侧,南向北,北沙河中路,,,,,
794,795,昌平,北沙河中路玫瑰环岛南侧,北向南,北沙河中路,,,,,
795,796,昌平,沙河高教园站南侧,南向北,南丰路,,,,,
796,797,昌平,沙河高教园站南侧,北向南,南丰路,,,,,
797,798,昌平,北街家园一区南门西侧,东向西,北一街,,,,,
798,799,昌平,北街家园一区南门西侧,西向东,北一街,,,,,
799,800,昌平,北沙河中路与北三街口东侧高中,全方向,北三街,,,,,
800,801,昌平,北沙河中路与北三街口东侧高中,全方向,北三街,,,,,
801,802,昌平,北沙河中路与北三街口西侧,全方向,北三街,,,,,
802,803,昌平,北三街与西五路口东侧,全方向,北三街,,,,,
803,804,昌平,北师大附属中学西侧,全方向,北三街,,,,,
804,805,昌平,北航东南门西侧,全方向,南三街,,,,,
805,806,昌平,北航东门北侧,全方向,北沙河中路,,,,,
806,807,昌平,北航东门南侧,全方向,北沙河中路,,,,,
807,808,昌平,外交学院南门西侧,全方向,南三街,,,,,
808,809,昌平,沙河高教园站南侧,全方向,南丰路,,,,,
809,810,昌平,南丰路沙河高教园站北侧,全方向,南丰路,,,,,
810,811,昌平,南二街矿业大学东侧,全方向,南二街,,,,,
811,812,昌平,北沙河中路与北三街,全方向,北沙河中路,北三街,,,,
812,813,昌平,南三街与北沙河中路,全方向,北沙河中路,南三街,,,,
813,814,昌平,北沙河中路与北一街,全方向,北沙河中路,北一街,,,,
814,815,昌平,北三街与南丰路,全方向,南丰路,北三街,,,,
815,816,昌平,南三街与南丰路,全方向,南丰路,南三街,,,,
816,817,昌平,西三路与南三街,全方向,西三路,南三街,,,,
817,818,昌平,南二街与西三路,全方向,西三路,南二街,,,,
818,819,昌平,西三路与高教园中街,全方向,西三路,高教园中街,,,,
819,820,昌平,高教园中街与北沙河中路,全方向,北沙河中路,高教园中街,,,,
820,821,昌平,玫瑰园环岛北侧,全方向,北沙河中路,,,,,
821,822,昌平,玫瑰园环岛南侧,全方向,北沙河中路,,,,,
822,823,昌平,北一街与北沙河中路,全方向,北沙河中路,北一街,,,,
823,824,昌平,北一街与西五路,全方向,西五路,北一街,,,,
824,825,昌平,北二街与北沙河中路,全方向,北沙河中路,北二街,,,,
825,826,昌平,北三街与西四路,全方向,西四路,北三街,,,,
826,827,昌平,北三街与西三路,全方向,西三路,北三街,,,,
827,828,昌平,回昌路与顺沙路,全方向,回昌路,顺沙路,,,,
828,829,昌平,回昌路与北三街,全方向,回昌路,北三街,,,,
829,830,昌平,南丰路与八号路,全方向,南丰路,八号路,,,,
830,831,昌平,八号路与北沙河中路,全方向,北沙河中路,八号路,,,,
831,832,昌平,八号路与西五路,全方向,西五路,八号路,,,,
832,833,昌平,北沙河中路玫瑰环岛,北向南,北沙河中路,高教园中街,,,,
833,834,昌平,北沙河中路玫瑰环岛,南向北,北沙河中路,高教园中街,,,,
834,835,昌平,北沙河中路玫瑰环岛,东向西,北沙河中路,高教园中街,,,,
835,836,昌平,南丰路与八号路口,南向北,南丰路,八号路,,,,
836,837,昌平,南丰路与南三街口,北向南,南丰路,南三街,,,,
837,838,昌平,北沙河中路与高教园中街,南向北,北沙河中路,高教园中街,,,,
838,839,昌平,北沙河中路与南三街南侧,北向南,北沙河中路,八号路,,,,
839,840,昌平,西五路与八号路,南向北,西五路,八号路,,,,
840,841,昌平,西三路与八号路,南向北,西三路,八号路,,,,
841,842,昌平,西三路与南三街南侧,北向南,西三路,南三街,,,,
842,843,昌平,南二街与西三路,东向西,西三路,南二街,,,,
843,844,昌平,南三街与西三路口,东向西,西三路,南三街,,,,
844,845,昌平,南三街与南丰路口,西向东,南丰路,南三街,,,,
845,846,昌平,高教园中街与南丰路口,西向东,南丰路,高教园中街,,,,
846,847,昌平,高教园中街与西三路口,东向西,西三路,高教园中街,,,,
847,848,昌平,北二街与西三路口,东向西,西三路,北二街,,,,
848,849,昌平,北三街与西三路口,东向西,西三路,北三街,,,,
849,850,昌平,北三街与回昌路口,西向东,回昌路,北三街,,,,
850,851,昌平,回昌路与顺沙路口,南向北,回昌路,顺沙路,,,,
851,852,昌平,同成街育知西路口,东向西,育知西路,同城街,,,,
852,853,昌平,同成街育知西路口,西向东,育知西路,同城街,,,,
853,854,昌平,同成街育知西路口,北向南,育知西路,同城街,,,,
854,855,昌平,同成街文华西路口,东向西,文华西路,同城街,,,,
855,856,昌平,同成街文华西路口,西向东,文华西路,同城街,,,,
856,857,昌平,同成街文华西路口,北向南,文华西路,同城街,,,,
857,858,昌平,龙域环路与龙域东二路路口,全方向,龙域东二路,龙域环路,,,,
858,859,昌平,龙域环路与龙域东一路路口,全方向,龙域东一路,龙域环路,,,,
859,860,昌平,龙域环路与龙域东一路路口西,全方向,龙域环路,,,,,
860,861,昌平,龙域环路与龙域中路路口,全方向,龙域中路,龙域环路,,,,
861,862,昌平,龙域环路与龙域中路路口西,全方向,龙域环路,,,,,
862,863,昌平,龙域环路与龙域西一路路口,全方向,龙域西一路,龙域环路,,,,
863,864,昌平,龙域环路与龙域西一路路口西,全方向,龙域环路,,,,,
864,865,昌平,龙域环路与龙域西二路路口,全方向,龙域西二路,龙域环路,,,,
865,866,昌平,龙域中街与龙域环路路口,全方向,龙域环路,龙域中街,,,,
866,867,昌平,龙域环路与龙域西二路路口南,全方向,龙域环路,,,,,
867,868,昌平,龙域北街与龙域东二路路口,全方向,龙域东二路,龙域北街,,,,
868,869,昌平,龙域北街与龙域东一路路口,全方向,龙域东一路,龙域北街,,,,
869,870,昌平,龙域北街与龙域中路路口,全方向,龙域中路,龙域北街,,,,
870,871,昌平,龙域北街与龙域西一路路口,全方向,龙域西一路,龙域北街,,,,
871,872,昌平,龙域北街与龙域西二路路口,全方向,龙域西二路,龙域北街,,,,
872,873,昌平,龙域北街与龙域西二路路口南,全方向,龙域西二路,,,,,
873,874,昌平,龙域中街与龙域东二路路口,全方向,龙域东二路,龙域中街,,,,
874,875,昌平,龙域中街与龙域东二路路口西,全方向,龙域中街,,,,,
875,876,昌平,龙域中街与龙域东一路路口,全方向,龙域东一路,龙域中街,,,,
876,877,昌平,龙域中街与龙域中路路口,全方向,龙域中路,龙域中街,,,,
877,878,昌平,龙域中街与龙域西一路路口,全方向,龙域西一路,龙域中街,,,,
878,879,昌平,龙域中街与龙域西二路路口,全方向,龙域西二路,龙域中街,,,,
879,880,昌平,龙域中街与龙域西一路路口西,全方向,龙域中街,,,,,
880,881,昌平,龙域南街与龙域东一路路口,全方向,龙域东一路,龙域南街,,,,
881,882,昌平,龙域南街与龙域中路路口,全方向,龙域中路,龙域南街,,,,
882,883,昌平,龙域南街与龙域西一路路口,全方向,龙域西一路,龙域南街,,,,
883,884,昌平,龙域南街西口北向南,北向南,龙域西一路,龙域南街,,,,
884,885,昌平,龙域南街西口东向西,东向西,龙域西一路,龙域南街,,,,
885,886,昌平,龙域南街西口南向北,南向北,龙域西一路,龙域南街,,,,
886,887,昌平,龙域中路龙域南街路口北向南,北向南,龙域中路,龙域南街,,,,
887,888,昌平,龙域中路龙域南街路口东向西,东向西,龙域中路,龙域南街,,,,
888,889,昌平,龙域中路龙域南街路口南向北,南向北,龙域中路,龙域南街,,,,
889,890,昌平,龙域中路龙域南街路口西向东,西向东,龙域中路,龙域南街,,,,
890,891,昌平,龙域东一路龙域南街路口北向南,北向南,龙域东一路,龙域南街,,,,
891,892,昌平,龙域东一路龙域南街路口东向西,东向西,龙域东一路,龙域南街,,,,
892,893,昌平,龙域东一路龙域南街路口南向北,南向北,龙域东一路,龙域南街,,,,
893,894,昌平,龙域东一路龙域南街路口西向东,西向东,龙域东一路,龙域南街,,,,
894,895,昌平,回龙观村西区北门人行道东向西,东向西,龙域中街,,,,,
895,896,昌平,回龙观村西区北门人行道西向东,西向东,龙域中街,,,,,
896,897,昌平,龙域中街西口北向南,北向南,龙域环路,龙域中街,,,,
897,898,昌平,龙域中街西口东向西,东向西,龙域环路,龙域中街,,,,
898,899,昌平,龙域西一路龙域中街路口北向南,北向南 ,龙域西一路,龙域中街,,,,
899,900,昌平,龙域西一路龙域中街路口东向西,东向西,龙域西一路,龙域中街,,,,
900,901,昌平,龙域西一路龙域中街路口南向北,南向北,龙域西一路,龙域中街,,,,
901,902,昌平,龙域西一路龙域中街路口西向东,西向东,龙域西一路,龙域中街,,,,
902,903,昌平,回龙观村东区北门人行道东向西,东向西,龙域中街,,,,,
903,904,昌平,回龙观村东区北门人行道西向东,西向东,龙域中街,,,,,
904,905,昌平,龙域东一路龙域中街路口北向南,北向南,龙域东一路,龙域中街,,,,
905,906,昌平,龙域东一路龙域中街路口东向西,东向西,龙域东一路,龙域中街,,,,
906,907,昌平,龙域东一路龙域中街路口南向北,南向北,龙域东一路,龙域中街,,,,
907,908,昌平,龙域东一路龙域中街路口西向东,西向东,龙域东一路,龙域中街,,,,
908,909,昌平,龙域东二路南口北向南,北向南,龙域东二路,龙域中街,,,,
909,910,昌平,龙域东二路南口东向西,东向西,龙域东二路,龙域中街,,,,
910,911,昌平,龙域东二路南口西向东,西向东,龙域东二路,龙域中街,,,,
911,912,昌平,龙域北街西口北向南,北向南,龙域西二路,龙域北街,,,,
912,913,昌平,龙域北街西口东向西,东向西,龙域西二路,龙域北街,,,,
913,914,昌平,龙域北街西口南向北,南向北,龙域西二路,龙域北街,,,,
914,915,昌平,龙域西一路龙域北街路口北向南,北向南,龙域西一路,龙域北街,,,,
915,916,昌平,龙域西一路龙域北街路口东向西,东向西,龙域西一路,龙域北街,,,,
916,917,昌平,龙域西一路龙域北街路口南向北,南向北,龙域西一路,龙域北街,,,,
917,918,昌平,龙域西一路龙域北街路口西向东,西向东,龙域西一路,龙域北街,,,,
918,919,昌平,龙域北街中口北向南,北向南,龙域中路,龙域北街,,,,
919,920,昌平,龙域北街中口东向西,东向西,龙域中路,龙域北街,,,,
920,921,昌平,龙域北街中口南向北,南向北,龙域中路,龙域北街,,,,
921,922,昌平,龙域北街中口西向东,西向东,龙域中路,龙域北街,,,,
922,923,昌平,龙域东一路龙域北街路口北向南,北向南,龙域东一路,龙域北街,,,,
923,924,昌平,龙域东一路龙域北街路口东向西,东向西,龙域东一路,龙域北街,,,,
924,925,昌平,龙域东一路龙域北街路口南向北,南向北,龙域东一路,龙域北街,,,,
925,926,昌平,龙域东一路龙域北街路口西向东,西向东,龙域东一路,龙域北街,,,,
926,927,昌平,龙域东二路中口北向南,北向南,龙域东二路,龙域北街,,,,
927,928,昌平,龙域东二路中口南向北,南向北,龙域东二路,龙域北街,,,,
928,929,昌平,龙域东二路中口西向东,西向东,龙域东二路,龙域北街,,,,
929,930,昌平,龙域西二路北口东向西,东向西,龙域西二路,龙域环路,,,,
930,931,昌平,龙域西二路北口南向北,南向北,龙域西二路,龙域环路,,,,
931,932,昌平,龙域西二路北口西向东,西向东,龙域西二路,龙域环路,,,,
932,933,昌平,龙域西一路北口东向西,东向西,龙域西一路,龙域环路,,,,
933,934,昌平,龙域西一路北口南向北,南向北,龙域西一路,龙域环路,,,,
934,935,昌平,龙域西一路北口西向东,西向东,龙域西一路,龙域环路,,,,
935,936,昌平,龙域中路北口东向西,东向西,龙域中路,龙域环路,,,,
936,937,昌平,龙域中路北口南向北,南向北,龙域中路,龙域环路,,,,
937,938,昌平,龙域中路北口西向东,西向东,龙域中路,龙域环路,,,,
938,939,昌平,龙域东一路龙域环路路口南向北,南向北,龙域东一路,龙域环路,,,,
939,940,昌平,龙域东一路龙域环路路口西向东,西向东,龙域东一路,龙域环路,,,,
940,941,昌平,人民医院北院区西门人行道北向南,北向南,龙域环路,,,,,
941,942,昌平,人民医院北院区西门人行道南向北,南向北,龙域环路,,,,,
942,943,昌平,回龙观村西区东门人行道南向北,南向北,龙域西一路,,,,,
943,944,昌平,回龙观村东区西门人行道北向南,北向南,龙域中路,,,,,
944,945,昌平,回龙观村东区西门人行道南向北,南向北,龙域中路,,,,,
